time,acceleration
545.14,0
545.145,-1.11508055576552e-05
545.15,-4.37368202399382e-05
545.155,-9.56147462966497e-05
545.16,-0.000164210497841599
545.165,-0.000247010307398548
545.17,-0.000341514532219576
545.175,-0.000445233940592099
545.18,-0.000555910968202727
545.185,-0.000671594742340103
545.19,-0.000790612261958551
545.195,-0.000911440238414296
545.2,-0.00103274871652841
545.205,-0.00115360588729628
545.21,-0.00127334888521491
545.215,-0.00139134659166356
545.22,-0.00150711107388891
545.225,-0.00162052125420753
545.23,-0.00173156935876228
545.235,-0.00183999784644614
545.24,-0.00194541987633289
545.245,-0.00204754501221742
545.25,-0.0021461532221129
545.255,-0.00224091274588067
545.26,-0.00233171077801145
545.265,-0.00241911795174693
545.27,-0.00250394345149698
545.275,-0.00258679060990086
545.28,-0.00266839388743069
545.285,-0.00274984301333637
545.29,-0.00283234294254401
545.295,-0.00291714634882933
545.3,-0.00300567102652771
545.305,-0.00309942311725404
545.31,-0.00319983639499185
545.315,-0.00330816699661999
545.32,-0.00342545859456972
545.325,-0.00355265463458557
545.33,-0.00369086602083466
545.335,-0.00384145200172406
545.34,-0.00400544144786411
545.345,-0.00418292511498229
545.35,-0.00437347172918709
545.355,-0.00457686877461019
545.36,-0.004793097738856
545.365,-0.00502201207977586
545.37,-0.00526343879730442
545.375,-0.00551733444858861
545.38,-0.00578354664318181
545.385,-0.00606172731163423
545.39,-0.00635155858325786
545.395,-0.00665284383818523
545.4,-0.00696537332660575
545.405,-0.00728864733312733
545.41,-0.00762177024401521
545.415,-0.00796339701828072
545.42,-0.00831179769181663
545.425,-0.00866488819418877
545.43,-0.00901988218912974
545.435,-0.00937354515258182
545.44,-0.0097228597814692
545.445,-0.0100653574055697
545.45,-0.0103991644811108
545.455,-0.0107222833030817
545.46,-0.0110321226973167
545.465,-0.0113261236284821
545.47,-0.0116019208678599
545.475,-0.0118569867853021
545.48,-0.012088683895839
545.485,-0.0122944105979871
545.49,-0.0124717071098822
545.495,-0.0126182104761636
545.5,-0.0127315479938571
545.505,-0.0128094600317814
545.51,-0.0128499793836542
545.515,-0.012851414751699
545.52,-0.0128122070447355
545.525,-0.0127307313525212
545.53,-0.0126050846471255
545.535,-0.0124333689851335
545.54,-0.0122141263843022
545.545,-0.0119461947099195
545.55,-0.0116286771782712
545.555,-0.0112611425987732
545.56,-0.0108434440611774
545.565,-0.0103756415656375
545.57,-0.00985800747029174
545.575,-0.00929079588798574
545.58,-0.00867432622478979
545.585,-0.00800922913849047
545.59,-0.00729637562709523
545.595,-0.00653679322004051
545.6,-0.00573190702882704
545.605,-0.00488379177579447
545.61,-0.00399509541909942
545.615,-0.00306889303622501
545.62,-0.00210861168461597
545.625,-0.00111783915519344
545.63,-0.000100062990044825
545.635,0.000941111287354756
545.64,0.00200153168195392
545.645,0.00307686179309804
545.65,0.00416270232112962
545.655,0.00525406049086781
545.66,0.00634566615762916
545.665,0.00743228773158328
545.67,0.00850823365042117
545.675,0.00956716114227742
545.68,0.0106024743262403
545.685,0.0116079265844903
545.69,0.0125776918913363
545.695,0.0135058522615416
545.7,0.0143864819694979
545.705,0.0152141371352314
545.71,0.0159835350181907
545.715,0.0166890500348865
545.72,0.017325031182245
545.725,0.017886283380412
545.73,0.0183680228176149
545.735,0.0187657574294096
545.74,0.0190754649814338
545.745,0.0192937026812383
545.75,0.0194177018008912
545.755,0.0194453764474342
545.76,0.0193751599070242
545.765,0.01920618755224
545.77,0.0189384936632754
545.775,0.018572867947177
545.78,0.0181107754763169
545.785,0.0175541607063567
545.79,0.0169050552996352
545.795,0.0161657425101679
545.8,0.0153393442616794
545.805,0.0144301216114242
545.81,0.0134434147131349
545.815,0.012385179411404
545.82,0.0112615349985699
545.825,0.0100787360631611
545.83,0.00884315396905675
545.835,0.00756133837750219
545.84,0.00624046654144122
545.845,0.00488832179289761
545.85,0.00351262013551097
545.855,0.0021207576096036
545.86,0.000719952887615004
545.865,-0.000682698169920497
545.87,-0.00208006526236732
545.875,-0.00346488406883265
545.88,-0.00483016875245237
545.885,-0.0061694225883626
545.89,-0.00747615163040565
545.895,-0.00874366685991896
545.9,-0.00996532109247405
545.905,-0.011134665232525
545.91,-0.0122455973417554
545.915,-0.0132925367113021
545.92,-0.0142704755730288
545.925,-0.0151748650247746
545.93,-0.0160013212029482
545.935,-0.0167455004752903
545.94,-0.0174035492387009
545.945,-0.0179723242639047
545.95,-0.018449046537617
545.955,-0.0188312335206478
545.96,-0.0191169947970012
545.965,-0.0193051931986711
545.97,-0.0193952437353156
545.975,-0.0193868996375073
545.98,-0.0192803739170193
545.985,-0.0190764431579611
545.99,-0.0187762074216074
545.995,-0.0183810912455826
546,-0.0178932363912495
546.005,-0.0173152108527928
546.01,-0.0166494567964113
546.015,-0.0158988341653583
546.02,-0.0150673947086558
546.025,-0.0141601397651059
546.03,-0.0131824206409267
546.035,-0.0121399917405705
546.04,-0.011039322885266
546.045,-0.00988723063455775
546.05,-0.00869045593706872
546.055,-0.00745608190577326
546.06,-0.00619189660666355
546.065,-0.00490620788250798
546.07,-0.00360764923992781
546.075,-0.00230494948377358
546.08,-0.00100673373556887
546.085,0.00027852365768272
546.09,0.00154245166895951
546.095,0.00277667375767954
546.1,0.00397298773931867
546.105,0.00512386555982759
546.11,0.00622259939170441
546.115,0.00726282228276593
546.12,0.00823818114255364
546.125,0.00914254594870645
546.13,0.00997045946972648
546.135,0.0107174426137454
546.14,0.0113796409026836
546.145,0.0119534000458408
546.15,0.0124354798670722
546.155,0.0128233349627595
546.16,0.0131151704643986
546.165,0.0133097944702875
546.17,0.0134064705914294
546.175,0.0134051339948363
546.18,0.0133066788843934
546.185,0.0131129595792304
546.19,0.0128264776640875
546.195,0.0124500860324628
546.2,0.0119869731175833
546.205,0.0114409880876039
546.21,0.0108169961723564
546.215,0.0101205965124208
546.22,0.0093577316451912
546.225,0.00853474817539791
546.23,0.00765827218863665
546.235,0.00673492200507399
546.24,0.00577140282287057
546.245,0.00477469120473719
546.25,0.00375184517594467
546.255,0.0027098148494054
546.26,0.00165559177513968
546.265,0.000596409037003092
546.27,-0.000460346372413759
546.275,-0.00150739391199623
546.28,-0.00253769789924031
546.285,-0.00354462143851812
546.29,-0.00452215853577639
546.295,-0.00546504015236088
546.3,-0.00636837734743491
546.305,-0.00722705851908417
546.31,-0.00803572010315857
546.315,-0.0087892012360414
546.32,-0.00948290406321829
546.325,-0.010112837260643
546.33,-0.0106751296349937
546.335,-0.0111656612085685
546.34,-0.0115806174326596
546.345,-0.0119170324511008
546.35,-0.0121727134481515
546.355,-0.0123461938236597
546.36,-0.0124366266546398
546.365,-0.0124435951779439
546.37,-0.0123671148193322
546.375,-0.0122074416782631
546.38,-0.0119649230514559
546.385,-0.0116405530095481
546.39,-0.0112364896787492
546.395,-0.0107558200688565
546.4,-0.0102021854486796
546.405,-0.00957960931875658
546.41,-0.00889248638837646
546.415,-0.00814569168437145
546.42,-0.00734461318668804
546.425,-0.00649502167445663
546.43,-0.00560285101692546
546.435,-0.00467407543044451
546.44,-0.00371479412350711
546.445,-0.0027314463387553
546.45,-0.00173103087010203
546.455,-0.000721089136179475
546.46,0.000290859771706377
546.465,0.00129764785234761
546.47,0.00229204518227094
546.475,0.00326661192905019
546.48,0.00421389617726621
546.485,0.00512659708407625
546.49,0.00599773673778557
546.495,0.00682062977687777
546.5,0.00758876467141276
546.505,0.00829583931933801
546.51,0.00893600846132973
546.515,0.0095040075836518
546.52,0.00999500263436573
546.525,0.0104045212941313
546.53,0.0107287316190128
546.535,0.0109649388835639
546.54,0.01111166762909
546.545,0.0111683256901768
546.55,0.0111348413105567
546.555,0.0110117495561993
546.56,0.0108007931289119
546.565,0.0105049528069672
546.57,0.0101278213225596
546.575,0.00967333522743373
546.58,0.00914609647788713
546.585,0.0085515278978238
546.59,0.00789534729434312
546.595,0.00718317397578369
546.6,0.0064206695367998
546.605,0.00561370193841564
546.61,0.00476847240257602
546.615,0.00389125917759204
546.62,0.00298818138616145
546.625,0.00206556284201581
546.63,0.00113009304083795
546.635,0.000188669320327251
546.64,-0.000751987696614969
546.645,-0.00168576708926574
546.65,-0.00260685122386349
546.655,-0.00350913009228513
546.66,-0.00438628404251781
546.665,-0.00523223090308365
546.67,-0.00604113525238161
546.675,-0.00680694320600396
546.68,-0.00752327177283202
546.685,-0.00818390045136014
546.69,-0.00878294604629679
546.695,-0.00931477220647475
546.7,-0.00977440459721895
546.705,-0.0101577811795726
546.71,-0.010461399559493
546.715,-0.0106822237747591
546.72,-0.0108179744336497
546.725,-0.0108670470982438
546.73,-0.0108282867993486
546.735,-0.0107009127968669
546.74,-0.0104844177513492
546.745,-0.0101787327715096
546.75,-0.00978445757743871
546.755,-0.00930289314838686
546.76,-0.00873578322953216
546.765,-0.0080849134132465
546.77,-0.00735238043002057
546.775,-0.00654132109321651
546.78,-0.00565607636216992
546.785,-0.00470160435274943
546.79,-0.00368301002756063
546.795,-0.00260598267139978
546.8,-0.00147718520484887
546.805,-0.000303667013690978
546.81,0.000907598727320917
546.815,0.00214943824238006
546.82,0.00341434275785314
546.825,0.00469461557151915
546.83,0.00598226527323576
546.835,0.00726895536479248
546.84,0.00854619942458775
546.845,0.00980533182714714
546.85,0.0110374939239456
546.855,0.0122339238271226
546.86,0.0133859672905755
546.865,0.0144848269280669
546.87,0.0155219261173856
546.875,0.0164894866659609
546.88,0.0173803834441129
546.885,0.0181880196412321
546.89,0.0189063975714553
546.895,0.0195297095978834
546.9,0.0200523868204465
546.905,0.0204698305603878
546.91,0.020778525080673
546.915,0.0209756335766312
546.92,0.0210589564907078
546.925,0.0210271069982184
546.93,0.0208796672922521
546.935,0.0206170962218249
546.94,0.0202401396678217
546.945,0.0197497446168834
546.95,0.019147688474443
546.955,0.0184367786310418
546.96,0.0176206142177918
546.965,0.0167033784093489
546.97,0.0156897134856643
546.975,0.0145847469587819
546.98,0.0133941161385905
546.985,0.0121239665802017
546.99,0.0107811188613407
546.995,0.00937300828239175
547,0.00790719215478475
547.005,0.00639091941916886
547.01,0.00483141734488635
547.015,0.003236388753024
547.02,0.00161385610700252
547.025,-2.77992613264488e-05
547.03,-0.00168000871150894
547.035,-0.00333449990649758
547.04,-0.00498273207905448
547.045,-0.00661581896122886
547.05,-0.00822529529381594
547.055,-0.00980303246620258
547.06,-0.0113408611180213
547.065,-0.0128304998127941
547.07,-0.0142635930699719
547.075,-0.0156320503476763
547.08,-0.0169283703193527
547.085,-0.0181453421758056
547.09,-0.0192757808610262
547.095,-0.0203129547280118
547.1,-0.0212508104881916
547.105,-0.0220838253402382
547.11,-0.022807162170933
547.115,-0.0234166404355253
547.12,-0.0239082857572062
547.125,-0.0242783870999556
547.13,-0.024524221192709
547.135,-0.0246443406920846
547.14,-0.0246383989977569
547.145,-0.0245070433835371
547.15,-0.0242513525854681
547.155,-0.0238725636653252
547.16,-0.0233726917998287
547.165,-0.0227548818729864
547.17,-0.0220232947994764
547.175,-0.0211828101009104
547.18,-0.02023872941962
547.185,-0.0191969580758251
547.19,-0.0180643384663399
547.195,-0.0168485878272998
547.2,-0.0155577970668818
547.205,-0.0141999802138001
547.21,-0.0127833376241973
547.215,-0.0113166804354548
547.22,-0.00980908070994626
547.225,-0.00826942644202028
547.23,-0.00670658356411433
547.235,-0.00512949070898882
547.24,-0.00354716070303016
547.245,-0.00196883343609559
547.25,-0.000403815601589184
547.255,0.00113869407536724
547.26,0.00264959171720693
547.265,0.00412035743005276
547.27,0.00554373613701695
547.275,0.00691358726522443
547.28,0.00822423189007081
547.285,0.00947027552178605
547.29,0.0106467604939582
547.295,0.0117492217454694
547.3,0.012773758208862
547.305,0.0137170276310999
547.31,0.0145763675704754
547.315,0.015349723317195
547.32,0.0160352030536927
547.325,0.0166313330977438
547.33,0.0171373352905779
547.335,0.0175529301985282
547.34,0.0178784636872925
547.345,0.0181146162654213
547.35,0.0182620529852445
547.355,0.0183219566646207
547.36,0.0182961263255763
547.365,0.0181864670217915
547.37,0.017995141924446
547.375,0.0177249104747674
547.38,0.0173790758602759
547.385,0.0169613343398012
547.39,0.0164756113462983
547.395,0.0159258915181796
547.4,0.0153162707419859
547.405,0.0146513966235692
547.41,0.0139364470840715
547.415,0.0131765134629047
547.42,0.012376538128349
547.425,0.0115417306224104
547.43,0.0106775939505319
547.435,0.00978992399942719
547.44,0.00888536871918416
547.445,0.00797132483575817
547.45,0.00705472688314064
547.455,0.00614155785519233
547.46,0.00523750465306358
547.465,0.00434838714198175
547.47,0.00348013131335888
547.475,0.00263880048162083
547.48,0.00183046292390896
547.485,0.00106079364875429
547.49,0.000334694907696565
547.495,-0.000343754043741198
547.5,-0.000971130516500612
547.505,-0.00154452545326827
547.51,-0.00206123702291077
547.515,-0.00251870019461458
547.52,-0.00291486256790312
547.525,-0.00324810955477439
547.53,-0.00351686939932617
547.535,-0.00371988195013223
547.54,-0.00385666176319244
547.545,-0.00392752968550241
547.55,-0.00393350173821147
547.555,-0.00387620826401927
547.56,-0.00375774586044918
547.565,-0.00358037150368263
547.57,-0.00334621385957104
547.575,-0.00305753048996637
547.58,-0.00271761521472289
547.585,-0.00233099600466989
547.59,-0.00190279707952171
547.595,-0.0014387050658903
547.6,-0.00094472543308377
547.605,-0.000426572012246072
547.61,0.000110198722070207
547.615,0.000659886664956943
547.62,0.00121659726669458
547.625,0.00177427542224327
547.63,0.00232691891648138
547.635,0.0028689693578806
547.64,0.0033952652933457
547.645,0.00390062367335587
547.65,0.0043798242394994
547.655,0.00482793434148348
547.66,0.00524055823589879
547.665,0.00561376820614222
547.67,0.00594388603854456
547.675,0.006227440966152
547.68,0.00646127551945005
547.685,0.00664281416929061
547.69,0.00677029923515263
547.695,0.00684255850569576
547.7,0.00685876468559913
547.705,0.00681850147229437
547.71,0.00672172901398428
547.715,0.00656856490899016
547.72,0.00635921984133622
547.725,0.0060944093261973
547.73,0.00577559706398026
547.735,0.0054046477888704
547.74,0.00498339941059453
547.745,0.00451363418195836
547.75,0.0039974743740947
547.755,0.0034373750557234
547.76,0.00283588658664308
547.765,0.00219583410524803
547.77,0.00152057473749517
547.775,0.000814035373038217
547.78,8.03987458913384e-05
547.785,-0.000675959223907964
547.79,-0.00145029302450269
547.795,-0.00223791190830557
547.8,-0.00303460073489719
547.805,-0.00383626357953606
547.81,-0.00463843845987295
547.815,-0.00543645342998
547.82,-0.00622590522707311
547.825,-0.00700271005692413
547.83,-0.00776283690824457
547.835,-0.00850213209240504
547.84,-0.00921623419599123
547.845,-0.00990073513118645
547.85,-0.0105514680937566
547.855,-0.0111644743233844
547.86,-0.0117356229281956
547.865,-0.0122606973254014
547.87,-0.0127360370481972
547.875,-0.0131583415606065
547.88,-0.0135240219256234
547.885,-0.0138293382432535
547.89,-0.0140707712428209
547.895,-0.014245274634151
547.9,-0.0143503147614892
547.905,-0.0143836724702719
547.91,-0.0143434980551255
547.915,-0.0142284464657857
547.92,-0.0140376934598395
547.925,-0.0137708961925017
547.93,-0.0134281795281894
547.935,-0.0130102908030874
547.94,-0.0125185244279413
547.945,-0.0119545991441287
547.95,-0.0113209163887011
547.955,-0.010620630864504
547.96,-0.00985755417268058
547.965,-0.00903611624572019
547.97,-0.00816106586920164
547.975,-0.00723741803651494
547.98,-0.00627096264735072
547.985,-0.00526814675904974
547.99,-0.00423529103979963
547.995,-0.00317861707499492
548,-0.00210457262247144
548.005,-0.00101958609650633
548.01,7.02104788036834e-05
548.015,0.001158796386529
548.02,0.00223977934254889
548.025,0.00330673112954719
548.03,0.00435400728133215
548.035,0.00537666117052057
548.04,0.00637000996009352
548.045,0.00732967236118015
548.05,0.00825140359510848
548.055,0.00913066293372793
548.06,0.00996300986126095
548.065,0.0107447671848416
548.07,0.0114728888604835
548.075,0.0121445843658942
548.08,0.0127570801135998
548.085,0.0133075406129206
548.09,0.0137933890895769
548.095,0.0142127450771896
548.1,0.0145644417474113
548.105,0.0148477475311659
548.11,0.0150623131105355
548.115,0.0152084483944793
548.12,0.0152872674074133
548.125,0.0153004231629202
548.13,0.0152497494273957
548.135,0.0151369832314784
548.14,0.0149636786462694
548.145,0.0147316204434386
548.15,0.0144430255118664
548.155,0.0141002489954942
548.16,0.0137059182558187
548.165,0.0132630710281994
548.17,0.0127750459789959
548.175,0.0122453555691363
548.18,0.0116772892590588
548.185,0.0110737869898898
548.19,0.0104377301677773
548.195,0.00977206688248431
548.2,0.00907975201777878
548.205,0.00836388543172179
548.21,0.00762777978348514
548.215,0.0068746762488012
548.22,0.00610757552645443
548.225,0.00532938014057089
548.23,0.00454322896730923
548.235,0.00375288344434143
548.24,0.00296281593583672
548.245,0.00217771333691805
548.25,0.00140174415267103
548.255,0.000638462673422393
548.26,-0.000108711016412588
548.265,-0.000836192229222971
548.27,-0.00154031048598821
548.275,-0.0022175590205676
548.28,-0.00286486272718025
548.285,-0.0034796973548584
548.29,-0.00405983014778465
548.295,-0.00460291644948418
548.3,-0.00510636613301422
548.305,-0.00556762721780155
548.31,-0.00598469148696546
548.315,-0.00635646198572826
548.32,-0.00668253028377137
548.325,-0.00696254221305072
548.33,-0.00719622772028229
548.335,-0.00738381654344905
548.34,-0.00752584708052894
548.345,-0.00762277140896214
548.35,-0.00767499075089814
548.355,-0.00768321207565975
548.36,-0.00764882804451604
548.365,-0.00757397228008928
548.37,-0.00746097128070957
548.375,-0.00731181224361078
548.38,-0.00712833544157095
548.385,-0.0069126617618708
548.39,-0.00666719337675929
548.395,-0.00639442996791549
548.4,-0.00609685161689897
548.405,-0.0057768788217067
548.41,-0.0054370582481328
548.415,-0.00508015257413207
548.42,-0.00470894623453952
548.425,-0.00432606100215845
548.43,-0.0039339710082703
548.435,-0.00353521992936804
548.44,-0.00313252961837575
548.445,-0.00272850048546932
548.45,-0.00232541100838585
548.455,-0.00192554575004473
548.46,-0.00153116103016814
548.465,-0.00114378261213997
548.47,-0.000763843529652034
548.475,-0.000391076835401569
548.48,-2.53406816128355e-05
548.485,0.000332974498392039
548.49,0.000683548227417019
548.495,0.00102668010173771
548.5,0.00136292741895031
548.505,0.00169278852031085
548.51,0.00201679397152472
548.515,0.00233526559472326
548.52,0.00264838777072762
548.525,0.00295659110511373
548.53,0.00326019276500052
548.535,0.00355905288752284
548.54,0.00385284991228684
548.545,0.00414146066625519
548.55,0.00442493282940429
548.555,0.00470308659830556
548.56,0.00497539816899015
548.565,0.0052412243304311
548.57,0.00550006499662955
548.575,0.00575179959501149
548.58,0.00599668220410935
548.585,0.00623501413546411
548.59,0.00646691504203763
548.595,0.00669235181073641
548.6,0.00691113600234036
548.605,0.00712306752095893
548.61,0.00732807126638668
548.615,0.00752596511958128
548.62,0.00771654918481877
548.625,0.00789981027237403
548.63,0.0080756387204598
548.635,0.00824360659923866
548.64,0.00840287222312027
548.645,0.00855208341513499
548.65,0.00868970929585577
548.655,0.00881440111144679
548.66,0.00892463602051741
548.665,0.00901877021981548
548.67,0.00909561220097267
548.675,0.00915421431326643
548.68,0.00919359131438745
548.685,0.0092126088029752
548.69,0.0092099263905587
548.695,0.00918449040114735
548.7,0.00913573967178029
548.705,0.00906317540061042
548.71,0.00896608146437424
548.715,0.00884354908416261
548.72,0.00869480906979393
548.725,0.00851953848166964
548.73,0.00831749968986455
548.735,0.00808840993555085
548.74,0.00783238919687501
548.745,0.00754990439728286
548.75,0.00724144622201279
548.755,0.00690776719400756
548.76,0.00655014362059087
548.765,0.00617002001847698
548.77,0.00576881665673879
548.775,0.0053479287189903
548.78,0.00490842814254823
548.785,0.00445120506975143
548.79,0.00397741708069591
548.795,0.00348867011762999
548.8,0.00298692488778476
548.805,0.00247407401169405
548.81,0.00195182847326315
548.815,0.00142202639389779
548.82,0.000886559015089498
548.825,0.000347311400091316
548.83,-0.0001933341380318
548.835,-0.000732629851233257
548.84,-0.00126835815297611
548.845,-0.00179873953177999
548.85,-0.00232163972048389
548.855,-0.00283458702985666
548.86,-0.00333515141233812
548.865,-0.00382092783436711
548.87,-0.00428952631876832
548.875,-0.00473855671443858
548.88,-0.00516560952337611
548.885,-0.00556860194085229
548.89,-0.00594583633747636
548.895,-0.00629551247621454
548.9,-0.00661559374116992
548.905,-0.00690403740769585
548.91,-0.00715872183952941
548.915,-0.00737748698967079
548.92,-0.00755848342828846
548.925,-0.00770017917647506
548.93,-0.00780113472914473
548.935,-0.0078598146615493
548.94,-0.00787454425788152
548.945,-0.00784370400298594
548.95,-0.00776588609753034
548.955,-0.00763973350004925
548.96,-0.00746400658524086
548.965,-0.0072380343979116
548.97,-0.00696161996826542
548.975,-0.00663492459345428
548.98,-0.00625858190222055
548.985,-0.00583354538441742
548.99,-0.00536118004038893
548.995,-0.00484348594161603
549,-0.00428321119823774
549.005,-0.00368388130821438
549.01,-0.00304953096887065
549.015,-0.00238419450155495
549.02,-0.00169175616601398
549.025,-0.000976280933924168
549.03,-0.000242023507475629
549.035,0.000506682856788459
549.04,0.00126528020860418
549.045,0.00202918767475529
549.05,0.00279397113191121
549.055,0.00355502023292438
549.06,0.00430751247069938
549.065,0.00504669143829859
549.07,0.00576768914678938
549.075,0.00646539371738064
549.08,0.00713497925269056
549.085,0.00777209641539198
549.09,0.0083723370533487
549.095,0.00893093313157277
549.1,0.00944299381867619
549.105,0.00990404485391806
549.11,0.0103105213228923
549.115,0.0106594988627222
549.12,0.0109480571277078
549.125,0.0111736063504651
549.13,0.0113344495821996
549.135,0.0114295838909094
549.14,0.0114587587072627
549.145,0.0114226211080544
549.15,0.0113224141940916
549.155,0.0111599905874795
549.16,0.0109379929824336
549.165,0.0106596826838943
549.17,0.0103286253112654
549.175,0.0099484920139717
549.18,0.00952293832600365
549.185,0.00905595136624564
549.19,0.00855220391654315
549.195,0.00801644588532186
549.2,0.0074530758355254
549.205,0.0068663763339421
549.21,0.00626070663260151
549.215,0.00564087481295701
549.22,0.00501228704913561
549.225,0.00438053786328808
549.23,0.0037511776512651
549.235,0.00312970659018235
549.24,0.00252167872600075
549.245,0.00193281577553534
549.25,0.00136857985684082
549.255,0.000833763505840538
549.26,0.000332369692212664
549.265,-0.000132426055424566
549.27,-0.000557917101150487
549.275,-0.00094147897805437
549.28,-0.00128031233871886
549.285,-0.00157147075310277
549.29,-0.00181253500054703
549.295,-0.00200215705773041
549.3,-0.00213973976691642
549.305,-0.00222476998139846
549.31,-0.00225663570041267
549.315,-0.00223504598697114
549.32,-0.00216059998060616
549.325,-0.00203499507140021
549.33,-0.00186063253478498
549.335,-0.00163993324436106
549.34,-0.00137499972175154
549.345,-0.00106774594544068
549.35,-0.000720411034854941
549.355,-0.000336118597923817
549.36,8.13884817337999e-05
549.365,0.000528500904504312
549.37,0.00100185216765309
549.375,0.00149771864534766
549.38,0.00201189466932541
549.385,0.00254016610109791
549.39,0.00307814171085167
549.395,0.0036209909741003
549.4,0.00416378393470041
549.405,0.00470169108002007
549.41,0.00522992547382863
549.415,0.00574395996548156
549.42,0.00623962419435224
549.425,0.0067126154562369
549.43,0.00715824678093938
549.435,0.00757172825719766
549.44,0.00794827419478344
549.445,0.00828312586300796
549.45,0.00857197324489789
549.455,0.0088110408040152
549.46,0.00899677304598931
549.465,0.00912595121930963
549.47,0.0091960343536435
549.475,0.00920514724019676
549.48,0.00915158107422887
549.485,0.00903345425242788
549.49,0.00884887433832106
549.495,0.00859633058205895
549.5,0.00827488777696052
549.505,0.00788418656939987
549.51,0.00742456958017356
549.515,0.00689705422751599
549.52,0.00630323444160492
549.525,0.00564516984689326
549.53,0.00492530449715013
549.535,0.00414667910513293
549.54,0.00331300278119984
549.545,0.0024286016489709
549.55,0.00149845136299575
549.555,0.0005277951883429
549.56,-0.00047812171908645
549.565,-0.00151373005063743
549.57,-0.00257298774556789
549.575,-0.00364912426781297
549.58,-0.00473413426671074
549.585,-0.00581916888109708
549.59,-0.00689534495834697
549.595,-0.00795323694092427
549.6,-0.00898275054485679
549.605,-0.00997461396802428
549.61,-0.010920554181878
549.615,-0.0118129014606343
549.62,-0.0126445373011096
549.625,-0.0134079876148303
549.63,-0.0140960481602258
549.635,-0.0147027992096347
549.64,-0.0152227243814622
549.645,-0.0156502916582118
549.65,-0.0159806921173203
549.655,-0.0162100951232216
549.66,-0.0163344489274729
549.665,-0.016348416928099
549.67,-0.0162467051163963
549.675,-0.0160254235599064
549.68,-0.0156815003069051
549.685,-0.0152129504661052
549.69,-0.0146199447902639
549.695,-0.0139043464546718
549.7,-0.0130674485809497
549.705,-0.0121081001213267
549.71,-0.01102432426996
549.715,-0.00981547773736663
549.72,-0.00848152649695081
549.725,-0.00702284754326457
549.73,-0.00544146645592585
549.735,-0.00374001911472642
549.74,-0.00192046978722381
549.745,1.37584987277869e-05
549.75,0.00205613070380516
549.755,0.00419816713174309
549.76,0.00643051163443908
549.765,0.00874201957588201
549.77,0.0111188339635801
549.775,0.0135467112425567
549.78,0.0160125801918996
549.785,0.0185025644416983
549.79,0.0210019032561818
549.795,0.0234965789672248
549.8,0.0259717500444015
549.805,0.0284091248327537
549.81,0.0307881142339709
549.815,0.0330885586008672
549.82,0.0352909666107499
549.825,0.0373762257243026
549.83,0.0393260772819805
549.835,0.0411220270957821
549.84,0.0427437594488746
549.845,0.0441706615413363
549.85,0.0453854345845539
549.855,0.0463746426403716
549.86,0.0471260325818967
549.865,0.0476269751378363
549.87,0.0478638000238992
549.875,0.0478211524366603
549.88,0.0474833562275411
549.885,0.046836062988361
549.89,0.0458662382665551
549.895,0.0445621087357102
549.9,0.0429145373124354
549.905,0.0409191303215982
549.91,0.0385763577668871
549.915,0.0358899880477263
549.92,0.0328671475341607
549.925,0.0295196568699899
549.93,0.0258636162896315
549.935,0.0219184134837487
549.94,0.0177069155924602
549.945,0.0132546430228018
549.95,0.00858801547487508
549.955,0.00373348057380139
549.96,-0.00128213742334778
549.965,-0.0064296469200506
549.97,-0.0116759503134294
549.975,-0.0169852397125099
549.98,-0.0223209654109518
549.985,-0.0276472727496083
549.99,-0.0329301073963986
549.995,-0.0381371326686106
550,-0.0432362547095797
550.005,-0.0481940912588415
550.01,-0.0529763008337803
550.015,-0.0575494227518418
550.02,-0.0618815279500766
550.025,-0.0659415664590053
550.03,-0.0697000156285407
550.035,-0.0731294397996194
550.04,-0.0762029630375705
550.045,-0.0788940575899162
550.05,-0.0811784557347925
550.055,-0.0830348149795096
550.06,-0.0844442513911677
550.065,-0.0853911033552979
550.07,-0.0858649573828695
550.075,-0.0858608201104408
550.08,-0.085377042530698
550.085,-0.0844146960806827
550.09,-0.0829779813982854
550.095,-0.0810738248690452
550.1,-0.0787115228195795
550.105,-0.0759032129212183
550.11,-0.0726645710972511
550.115,-0.069014065580863
550.12,-0.064971623693312
550.125,-0.0605583149850601
550.13,-0.0557968314719691
550.135,-0.0507118883842205
550.14,-0.0453298928335543
550.145,-0.0396786675890347
550.15,-0.0337874881645377
550.155,-0.0276877287611512
550.16,-0.0214136059181168
550.165,-0.0150016296598791
550.17,-0.00848975832270071
550.175,-0.00191653146336518
550.18,0.00467936903554569
550.185,0.0112591996976274
550.19,0.0177845906868968
550.195,0.0242167168850649
550.2,0.0305156174483675
550.205,0.0366411868500103
550.21,0.0425546926813478
550.215,0.0482200816141098
550.22,0.0536036688052539
550.225,0.0586731529557492
550.23,0.0633977077252527
550.235,0.0677485556147994
550.24,0.0716990901454403
550.245,0.0752239586388526
550.25,0.0782992305871633
550.255,0.0809045417007048
550.26,0.0830240604478678
550.265,0.084645993230293
550.27,0.0857623423820635
550.275,0.0863686045020939
550.28,0.0864634166613245
550.285,0.0860487407883341
550.29,0.0851299025337665
550.295,0.0837154382742892
550.3,0.0818179438912051
550.305,0.0794545322377962
550.31,0.0766454741544425
550.315,0.0734135663296221
550.32,0.0697854083567039
550.325,0.0657920884028961
550.33,0.0614680148493292
550.335,0.056850270230718
550.34,0.0519791383927848
550.345,0.0468966573117319
550.35,0.0416439538485821
550.355,0.0362607541487661
550.36,0.0307865323530706
550.365,0.0252612437195755
550.37,0.0197252131723071
550.375,0.014218796243642
550.38,0.00878184901657729
550.385,0.00345339974595868
550.39,-0.00172771872460452
550.395,-0.00672259729765103
550.4,-0.0114928152757731
550.405,-0.016000912794468
550.41,-0.0202112663204268
550.415,-0.0240913503616968
550.42,-0.0276128190614914
550.425,-0.0307518388803177
550.43,-0.0334882704644729
550.435,-0.035804903850897
550.44,-0.0376874412589104
550.445,-0.0391252738257136
550.45,-0.0401127297423822
550.455,-0.0406492860645628
550.46,-0.040739096352234
550.465,-0.0403902420872265
550.47,-0.0396137352217221
550.475,-0.0384241393778611
550.48,-0.0368408440779619
550.485,-0.0348873900530608
550.49,-0.0325896392626584
550.495,-0.0299751024789013
550.5,-0.027073138613592
550.505,-0.0239148719295053
550.51,-0.0205335320297715
550.515,-0.0169638153130698
550.52,-0.0132401983021541
550.525,-0.00939719427698747
550.53,-0.00546982859374292
550.535,-0.00149369284217625
550.54,0.00249339762968093
550.545,0.00645180115937793
550.55,0.010344585669598
550.555,0.0141402311955099
550.56,0.0178096973358288
550.565,0.0213231332455123
550.57,0.0246501124514452
550.575,0.0277611817439748
550.58,0.0306288471335583
550.585,0.0332286782770678
550.59,0.0355415215204171
550.595,0.0375535941144879
550.6,0.0392521115661764
550.605,0.0406219147168765
550.61,0.0416480868221087
550.615,0.0423189124426043
550.62,0.0426249763676848
550.625,0.0425603770631854
550.63,0.042125007618237
550.635,0.0413223840543605
550.64,0.0401561616008879
550.645,0.0386290605881068
550.65,0.0367434111456844
550.655,0.0345013331592607
550.66,0.0319057328942895
550.665,0.0289625343554619
550.67,0.025680433813942
550.675,0.0220695824658228
550.68,0.0181429078316021
550.685,0.0139170674777951
550.69,0.00941019747633442
550.695,0.00464046059638924
550.7,-0.000370488856704201
550.705,-0.00559377008310453
550.71,-0.0109952038523187
550.715,-0.0165387871280529
550.72,-0.0221881814584221
550.725,-0.0279089598360196
550.73,-0.0336700269567474
550.735,-0.0394405868420261
550.74,-0.0451861909197185
550.745,-0.050868978925753
550.75,-0.0564488832088606
550.755,-0.0618828555121127
550.76,-0.0671256572453951
550.765,-0.072132029443429
550.77,-0.0768570216180153
550.775,-0.0812555578038994
550.78,-0.0852826312506198
550.785,-0.0888929925608918
550.79,-0.0920408282484929
550.795,-0.0946816759926609
550.8,-0.0967758999152382
550.805,-0.098290096138272
550.81,-0.0991960051664828
550.815,-0.0994688466174914
550.82,-0.0990855433508421
550.825,-0.0980244186703866
